{
  "jupiter": {
    "semi_major_axis_au": 5.20336301,
    "eccentricity": 0.04839266,
    "mean_longitude_deg": 29.873382229393243,
    "arg_perihelion_deg": 14.72847,
    "long_ascending_node_deg": 100.46444,
    "inclination_deg": 1.3033,
    "mean_motion_deg_day": 0.08308529,
    "orbital_period_day": 4332.589,
    "epoch_jd": 2451545.0,
    "original_mae_deg": 9.759243870755911,
    "final_mae_deg": 9.457706685382126,
    "improvement_pct": 3.089759712608038,
    "converged": false,
    "n_episodes": 100
  },
  "saturn": {
    "semi_major_axis_au": 9.53707032,
    "eccentricity": 0.0541506,
    "mean_longitude_deg": 51.24002462129642,
    "arg_perihelion_deg": 92.59887,
    "long_ascending_node_deg": 113.66544,
    "inclination_deg": 2.48446,
    "mean_motion_deg_day": 0.03344414,
    "orbital_period_day": 10759.22,
    "epoch_jd": 2451545.0,
    "original_mae_deg": 4.964713932252982,
    "final_mae_deg": 4.763001207865025,
    "improvement_pct": 4.0629274342987225,
    "converged": false,
    "n_episodes": 68
  }
}
