{
  "params": {
    "base_position_pct": 0.05662080443796117,
    "astro_position_scale": 0.023378596584508526,
    "risk_position_scale": 0.03393879639071419,
    "uncertainty_cap": 0.7,
    "min_confidence_for_trade": 50.0
  },
  "best_params": {
    "base_position_pct": 0.05606865840415946,
    "astro_position_scale": 0.023355945085350528,
    "risk_position_scale": 0.03354895477095367,
    "uncertainty_cap": 0.7,
    "min_confidence_for_trade": 50.0
  },
  "state": {
    "episode": 18,
    "total_experiences": 308,
    "best_reward": 3.8103436069002075
  }
}
